{
  "peers": [
    {
      "discovery_host": "e0f88f57f0764ad5945482650c4eba64-vp3.us.blockchain.ibm.com",
      "discovery_port": 30003,
      "api_host": "e0f88f57f0764ad5945482650c4eba64-vp3.us.blockchain.ibm.com",
      "api_port_tls": 5003,
      "api_port": 5003,
      "event_host": "e0f88f57f0764ad5945482650c4eba64-vp3.us.blockchain.ibm.com",
      "event_port": 31003,
      "type": "peer",
      "network_id": "e0f88f57f0764ad5945482650c4eba64",
      "container_id": "140a0760a250f8782fb496b16cfe9c188c0bf89d9aa5d37fe96612a3fae9332a",
      "id": "e0f88f57f0764ad5945482650c4eba64-vp3",
      "api_url": "http://e0f88f57f0764ad5945482650c4eba64-vp3.us.blockchain.ibm.com:5003"
    },
    {
      "discovery_host": "e0f88f57f0764ad5945482650c4eba64-vp1.us.blockchain.ibm.com",
      "discovery_port": 30003,
      "api_host": "e0f88f57f0764ad5945482650c4eba64-vp1.us.blockchain.ibm.com",
      "api_port_tls": 5003,
      "api_port": 5003,
      "event_host": "e0f88f57f0764ad5945482650c4eba64-vp1.us.blockchain.ibm.com",
      "event_port": 31003,
      "type": "peer",
      "network_id": "e0f88f57f0764ad5945482650c4eba64",
      "container_id": "2ffad7b5ee99bb3446e07b0cfc8093165208cbd6cef62c73aa6b6cd15927ce28",
      "id": "e0f88f57f0764ad5945482650c4eba64-vp1",
      "api_url": "http://e0f88f57f0764ad5945482650c4eba64-vp1.us.blockchain.ibm.com:5003"
    },
    {
      "discovery_host": "e0f88f57f0764ad5945482650c4eba64-vp2.us.blockchain.ibm.com",
      "discovery_port": 30003,
      "api_host": "e0f88f57f0764ad5945482650c4eba64-vp2.us.blockchain.ibm.com",
      "api_port_tls": 5003,
      "api_port": 5003,
      "event_host": "e0f88f57f0764ad5945482650c4eba64-vp2.us.blockchain.ibm.com",
      "event_port": 31003,
      "type": "peer",
      "network_id": "e0f88f57f0764ad5945482650c4eba64",
      "container_id": "c02071e6d4699d19ed85e039a87cc67b797b23a120ee1836ea542f467ba33007",
      "id": "e0f88f57f0764ad5945482650c4eba64-vp2",
      "api_url": "http://e0f88f57f0764ad5945482650c4eba64-vp2.us.blockchain.ibm.com:5003"
    },
    {
      "discovery_host": "e0f88f57f0764ad5945482650c4eba64-vp0.us.blockchain.ibm.com",
      "discovery_port": 30003,
      "api_host": "e0f88f57f0764ad5945482650c4eba64-vp0.us.blockchain.ibm.com",
      "api_port_tls": 5003,
      "api_port": 5003,
      "event_host": "e0f88f57f0764ad5945482650c4eba64-vp0.us.blockchain.ibm.com",
      "event_port": 31003,
      "type": "peer",
      "network_id": "e0f88f57f0764ad5945482650c4eba64",
      "container_id": "c649f9bbcb79362e46b06555224cd26d8e7586dfcfa1707944c61b3298116f3e",
      "id": "e0f88f57f0764ad5945482650c4eba64-vp0",
      "api_url": "http://e0f88f57f0764ad5945482650c4eba64-vp0.us.blockchain.ibm.com:5003"
    }
  ],
  "ca": {
    "e0f88f57f0764ad5945482650c4eba64-ca": {
      "url": "e0f88f57f0764ad5945482650c4eba64-ca.us.blockchain.ibm.com:30003",
      "discovery_host": "e0f88f57f0764ad5945482650c4eba64-ca.us.blockchain.ibm.com",
      "discovery_port": 30003,
      "api_host": "e0f88f57f0764ad5945482650c4eba64-ca.us.blockchain.ibm.com",
      "api_port_tls": 30003,
      "api_port": 30003,
      "type": "ca",
      "network_id": "e0f88f57f0764ad5945482650c4eba64",
      "container_id": "b7a3f14dd3a4ac0736e361a2cfca9357a06186d27cf06013c3bbd5ea8ac26130"
    }
  },
  "users": [
    {
      "enrollId": "admin",
      "enrollSecret": "d01b952b91",
      "affiliation": "group1",
      "username": "admin",
      "secret": "d01b952b91"
    },
    {
      "enrollId": "WebAppAdmin",
      "enrollSecret": "3825626571",
      "affiliation": "group1",
      "username": "WebAppAdmin",
      "secret": "3825626571"
    },
    {
      "enrollId": "user_type1_0",
      "enrollSecret": "0ba597f1a1",
      "affiliation": "group1",
      "username": "user_type1_0",
      "secret": "0ba597f1a1"
    },
    {
      "enrollId": "user_type1_1",
      "enrollSecret": "5d7275883b",
      "affiliation": "group1",
      "username": "user_type1_1",
      "secret": "5d7275883b"
    },
    {
      "enrollId": "user_type1_2",
      "enrollSecret": "af99685c9e",
      "affiliation": "group1",
      "username": "user_type1_2",
      "secret": "af99685c9e"
    },
    {
      "enrollId": "user_type1_3",
      "enrollSecret": "61b0b87f7f",
      "affiliation": "group1",
      "username": "user_type1_3",
      "secret": "61b0b87f7f"
    },
    {
      "enrollId": "user_type1_4",
      "enrollSecret": "d8751489de",
      "affiliation": "group1",
      "username": "user_type1_4",
      "secret": "d8751489de"
    },
    {
      "enrollId": "user_type2_0",
      "enrollSecret": "36f4c1db83",
      "affiliation": "group1",
      "username": "user_type2_0",
      "secret": "36f4c1db83"
    },
    {
      "enrollId": "user_type2_1",
      "enrollSecret": "3f60ef9479",
      "affiliation": "group1",
      "username": "user_type2_1",
      "secret": "3f60ef9479"
    },
    {
      "enrollId": "user_type2_2",
      "enrollSecret": "064a4b3ebd",
      "affiliation": "group1",
      "username": "user_type2_2",
      "secret": "064a4b3ebd"
    },
    {
      "enrollId": "user_type2_3",
      "enrollSecret": "2fe073de6b",
      "affiliation": "group1",
      "username": "user_type2_3",
      "secret": "2fe073de6b"
    },
    {
      "enrollId": "user_type2_4",
      "enrollSecret": "5cce7a9efe",
      "affiliation": "group1",
      "username": "user_type2_4",
      "secret": "5cce7a9efe"
    },
    {
      "enrollId": "user_type4_0",
      "enrollSecret": "5f340412f3",
      "affiliation": "group1",
      "username": "user_type4_0",
      "secret": "5f340412f3"
    },
    {
      "enrollId": "user_type4_1",
      "enrollSecret": "3bbda8be41",
      "affiliation": "group1",
      "username": "user_type4_1",
      "secret": "3bbda8be41"
    },
    {
      "enrollId": "user_type4_2",
      "enrollSecret": "103168c907",
      "affiliation": "group1",
      "username": "user_type4_2",
      "secret": "103168c907"
    },
    {
      "enrollId": "user_type4_3",
      "enrollSecret": "17476212d8",
      "affiliation": "group1",
      "username": "user_type4_3",
      "secret": "17476212d8"
    },
    {
      "enrollId": "user_type4_4",
      "enrollSecret": "fb1e10fa0e",
      "affiliation": "group1",
      "username": "user_type4_4",
      "secret": "fb1e10fa0e"
    },
    {
      "enrollId": "user_type8_0",
      "enrollSecret": "4ea0ea372c",
      "affiliation": "group1",
      "username": "user_type8_0",
      "secret": "4ea0ea372c"
    },
    {
      "enrollId": "user_type8_1",
      "enrollSecret": "f33910624a",
      "affiliation": "group1",
      "username": "user_type8_1",
      "secret": "f33910624a"
    },
    {
      "enrollId": "user_type8_2",
      "enrollSecret": "a486bde497",
      "affiliation": "group1",
      "username": "user_type8_2",
      "secret": "a486bde497"
    },
    {
      "enrollId": "user_type8_3",
      "enrollSecret": "47c0403163",
      "affiliation": "group1",
      "username": "user_type8_3",
      "secret": "47c0403163"
    },
    {
      "enrollId": "user_type8_4",
      "enrollSecret": "3c9081ce1c",
      "affiliation": "group1",
      "username": "user_type8_4",
      "secret": "3c9081ce1c"
    }
  ],
  "cert": "https://blockchain-certs.mybluemix.net/us.blockchain.ibm.com.cert",
  "cert_path": "/certs/peer/cert.pem"
}